_id;event;venue;machine;vendType;productName;transactionDate;quantity;quantitySet;totalStamps;currency;value;paymentStatus;sesionId;etiquetasRollo1;etiquetasRollo2;etiquetaMes;titutoEvento;feria;Lugar;fecha;mes;annio;documento
K7YSgkjN8aYNsuvoD;7-9 noviembre;París;PA19;Etiqueta individual;Notre Dame;24/10/2019 08:19:30;1;1;1;EUR;0.60;Filatelia;1;0;870;N;París;73 Salon Philatélique d'Automne;Paris;24/10/2019;11;2019;Filatelia
mdABcsGf85QyrQM68;7-9 noviembre;París;PA19;Etiqueta individual;Notre Dame;24/10/2019 08:21:06;100;1;100;EUR;1.40;Internacional;2;0;869;N;París;73 Salon Philatélique d'Automne;Paris;24/10/2019;11;2019;Internacional
YE8iHWrTHfv9WGiNZ;7-9 noviembre;París;PA19;Etiqueta individual;Notre Dame;24/10/2019 08:31:30;100;1;100;EUR;1.40;Pasaporte;3;0;769;N;París;73 Salon Philatélique d'Automne;Paris;24/10/2019;11;2019;Pasaporte
wXjsjoKk6Xyh4cSGf;7-9 noviembre;París;PA19;Etiqueta individual;Notre Dame;24/10/2019 08:33:23;100;1;100;EUR;1.40;Pasaporte;4;0;669;N;París;73 Salon Philatélique d'Automne;Paris;24/10/2019;11;2019;Pasaporte
M2eqCaYhuboiNKugQ;7-9 noviembre;París;PA19;Etiqueta individual;Notre Dame;24/10/2019 08:36:58;1;1;1;EUR;1.40;Pasaporte;5;0;569;N;París;73 Salon Philatélique d'Automne;Paris;24/10/2019;11;2019;Pasaporte
DcNEpGeP3QKZnyuwP;7-9 noviembre;París;PA19;Etiqueta individual;Notre Dame;24/10/2019 08:38:58;100;1;100;EUR;1.40;Pasaporte;6;0;568;N;París;73 Salon Philatélique d'Automne;Paris;24/10/2019;11;2019;Pasaporte
oAmwA8pWjeRkF2Jv9;7-9 noviembre;París;PA19;Etiqueta individual;Notre Dame;24/10/2019 08:40:54;100;1;100;EUR;1.40;Pasaporte;7;0;468;N;París;73 Salon Philatélique d'Automne;Paris;24/10/2019;11;2019;Pasaporte
a9ernqXt73YL8coXZ;7-9 noviembre;París;PA19;Etiqueta individual;Notre Dame;24/10/2019 08:43:16;100;1;100;EUR;1.40;Pasaporte;8;0;368;N;París;73 Salon Philatélique d'Automne;Paris;24/10/2019;11;2019;Pasaporte
XNwQ5oY6pafikhbuA;QUITAR ROLLO 2; ; ; ; ;; ; ; ; ; ; ; ; ;QUITADO; ; ; ; ; ; ; ; 
bhJSHj4WFqPDZhrGj;QUITAR ROLLO 2; ; ; ; ;; ; ; ; ; ; ; ; ;QUITADO; ; ; ; ; ; ; ; 
eeSs888iTKskHvoBG;COLOCAR ROLLO 2; ; ; ; ;; ; ; ; ; ; ; ; ;COLOCADO; ; ; ; ; ; ; ; 
Pv7uKEk67WMp5kfjp;7-9 noviembre;París;PA19;Etiqueta individual;Notre Dame;07/11/2019  10:23:14;1;1;1;EUR;0.60;Filatelia;9;0;267;N;París;73 Salon Philatélique d'Automne;Paris;07/11/2019  10:23:14;11;2019;Filatelia
qTRDAHzPkumJeAe4t;7-9 noviembre;París;PA19;Etiqueta individual;Notre Dame;07/11/2019  10:23:14;5;1;5;EUR;1.40;FERIA;10;0;266;N;París;73 Salon Philatélique d'Automne;Paris;07/11/2019  10:23:14;11;2019;Facture Simplifiée
zgr2Bqxo3ZaajX68b;7-9 noviembre;París;PA19;Etiqueta individual;Notre Dame;07/11/2019  10:23:14;2;1;2;EUR;1.50;FERIA;10;0;266;N;París;73 Salon Philatélique d'Automne;Paris;07/11/2019  10:23:14;11;2019;Facture Simplifiée
aSeHZQgM87dyJZLg6;7-9 noviembre;París;PA19;Tarifa A Tira 4;Notre Dame;07/11/2019  10:23:14;9;4;36;EUR;2.40;FERIA;10;0;266;N;París;73 Salon Philatélique d'Automne;Paris;07/11/2019  10:23:14;11;2019;Facture Simplifiée
b4Cy3WCKrKrGxZwst;7-9 noviembre;París;PA19;Tira de 4 Tarifas;Notre Dame;07/11/2019  10:23:14;55;4;220;EUR;4.20;FERIA;10;0;266;N;París;73 Salon Philatélique d'Automne;Paris;07/11/2019  10:23:14;11;2019;Facture Simplifiée
miAK3694E2sQwSsaJ;QUITAR ROLLO 2; ; ; ; ;; ; ; ; ; ; ; ; ;QUITADO; ; ; ; ; ; ; ; 
YB7RK4h5QNHwcm2Be;COLOCAR ROLLO 2; ; ; ; ;; ; ; ; ; ; ; ; ;COLOCADO; ; ; ; ; ; ; ; 
FXLbjGCg8fjBDRnPf;7-9 noviembre;París;PA19;Etiqueta individual;Notre Dame;07/11/2019  10:23:14;1;1;1;EUR;0.60;Filatelia;11;0;1499;N;París;73 Salon Philatélique d'Automne;Paris;07/11/2019  10:23:14;11;2019;Filatelia
sRuJu2Ci9SmRtvFhu;7-9 noviembre;París;PA19;Tarifa A Tira 4;Notre Dame;07/11/2019  10:25:47;26;4;104;EUR;2.40;FERIA;12;0;1498;N;París;73 Salon Philatélique d'Automne;Paris;07/11/2019  10:25:47;11;2019;Facture Simplifiée
KdzDFbfXhFjwo8tBC;QUITAR ROLLO 2; ; ; ; ;; ; ; ; ; ; ; ; ;QUITADO; ; ; ; ; ; ; ; 
9dAx7e7FoTSRrnabF;COLOCAR ROLLO 2; ; ; ; ;; ; ; ; ; ; ; ; ;COLOCADO; ; ; ; ; ; ; ; 
mCvPSaLsiMG79Hm5T;7-9 noviembre;París;PA19;Etiqueta individual;Notre Dame;07/11/2019 11:49:23;36;1;36;EUR;0.60;FERIA;13;0;720;N;París;73 Salon Philatélique d'Automne;Paris;07/11/2019;11;2019;Facture Simplifiée
4DvbgiB4JK7j4XcK7;7-9 noviembre;París;PA19;Etiqueta individual;Notre Dame;07/11/2019 11:49:23;4;1;4;EUR;1.40;FERIA;13;0;720;N;París;73 Salon Philatélique d'Automne;Paris;07/11/2019;11;2019;Facture Simplifiée
AeyY5ucZAaFRm6gtD;7-9 noviembre;París;PA19;Etiqueta individual;Notre Dame;07/11/2019 11:49:23;8;1;8;EUR;1.50;FERIA;13;0;720;N;París;73 Salon Philatélique d'Automne;Paris;07/11/2019;11;2019;Facture Simplifiée
L6rd8yRCziuhZg3eM;7-9 noviembre;París;PA19;Tira de 4 Tarifas;Notre Dame;07/11/2019 11:49:23;30;4;120;EUR;4.20;FERIA;13;0;720;N;París;73 Salon Philatélique d'Automne;Paris;07/11/2019;11;2019;Facture Simplifiée
mxTeKZXP6rGBdFgTz;7-9 noviembre;París;PA19;Tira de 4 Tarifas;Notre Dame;07/11/2019 11:52:00;22;4;88;EUR;4.20;FERIA;14;0;552;N;París;73 Salon Philatélique d'Automne;Paris;07/11/2019;11;2019;Facture Simplifiée
ckZ8Avez5BknHE4CK;7-9 noviembre;París;PA19;Etiqueta individual;Notre Dame;07/11/2019 12:11:23;1;1;1;EUR;0.60;FERIA;15;0;464;N;París;73 Salon Philatélique d'Automne;Paris;07/11/2019;11;2019;Facture Simplifiée
477MSis8635udoGDz;7-9 noviembre;París;PA19;Etiqueta individual;Notre Dame;07/11/2019 12:12:49;1;1;1;EUR;0.60;Filatelia;16;0;463;N;París;73 Salon Philatélique d'Automne;Paris;07/11/2019;11;2019;Filatelia
SuFWqXmpjBqLWxGiv;QUITAR ROLLO 2; ; ; ; ;; ; ; ; ; ; ; ; ;QUITADO; ; ; ; ; ; ; ; 
jAmhyTkhhGCGa2DNn;COLOCAR ROLLO 2; ; ; ; ;; ; ; ; ; ; ; ; ;COLOCADO; ; ; ; ; ; ; ; 
YCdnQg23Yj64PCPat;7-9 noviembre;París;PA19;Etiqueta individual;Notre Dame;07/11/2019 12:14:07;1;1;1;EUR;0.60;Filatelia;17;0;461;N;París;73 Salon Philatélique d'Automne;Paris;07/11/2019;11;2019;Filatelia
HMGh3JaeJQkrrfLEh;7-9 noviembre;París;PA19;Etiqueta individual;Notre Dame;07/11/2019 12:19:12;5;1;5;EUR;1.40;FERIA;18;0;460;N;París;73 Salon Philatélique d'Automne;Paris;07/11/2019;11;2019;Facture Simplifiée
RDBDqBp87ZczWoWZY;7-9 noviembre;París;PA19;Etiqueta individual;Notre Dame;07/11/2019 12:19:12;2;1;2;EUR;1.50;FERIA;18;0;460;N;París;73 Salon Philatélique d'Automne;Paris;07/11/2019;11;2019;Facture Simplifiée
dWhngaqNeFmNSbZrh;7-9 noviembre;París;PA19;Tarifa A Tira 4;Notre Dame;07/11/2019 12:19:12;8;4;32;EUR;2.40;FERIA;18;0;460;N;París;73 Salon Philatélique d'Automne;Paris;07/11/2019;11;2019;Facture Simplifiée
A5BCsZf8hkua3T79k;7-9 noviembre;París;PA19;Tira de 4 Tarifas;Notre Dame;07/11/2019 12:19:12;10;4;40;EUR;4.20;FERIA;18;0;460;N;París;73 Salon Philatélique d'Automne;Paris;07/11/2019;11;2019;Facture Simplifiée
oaspbR83wzSLaYmPG;7-9 noviembre;París;PA19;Etiqueta individual;Notre Dame;07/11/2019 12:28:32;1;1;1;EUR;0.60;FERIA;19;0;381;N;París;73 Salon Philatélique d'Automne;Paris;07/11/2019;11;2019;Facture Simplifiée
oRSy9Y36Eok3m3nX4;7-9 noviembre;París;PA19;Etiqueta individual;Notre Dame;07/11/2019 12:30:07;1;1;1;EUR;0.60;FERIA;20;0;380;N;París;73 Salon Philatélique d'Automne;Paris;07/11/2019;11;2019;Facture Simplifiée
oW3JxjQ2fEF3avdZL;7-9 noviembre;París;PA19;Etiqueta individual;Notre Dame;07/11/2019 12:33:25;1;1;1;EUR;0.60;FERIA;21;0;379;N;París;73 Salon Philatélique d'Automne;Paris;07/11/2019;11;2019;Facture Simplifiée
ksGFRhP2AjMMHGSj2;7-9 noviembre;París;PA19;Tarifa A Tira 4;Notre Dame;07/11/2019 12:41:07;5;4;20;EUR;2.40;FERIA;22;0;378;N;París;73 Salon Philatélique d'Automne;Paris;07/11/2019;11;2019;Facture Simplifiée
SXkh36xj5BTtCcpvW;7-9 noviembre;París;PA19;Etiqueta individual;Notre Dame;07/11/2019 12:42:18;5;1;5;EUR;0.60;FERIA;23;0;358;N;París;73 Salon Philatélique d'Automne;Paris;07/11/2019;11;2019;Facture Simplifiée
ohgdWwce8WPHK537f;7-9 noviembre;París;PA19;Etiqueta individual;Notre Dame;07/11/2019 12:42:42;1;1;1;EUR;0.60;FERIA;24;0;353;N;París;73 Salon Philatélique d'Automne;Paris;07/11/2019;11;2019;Facture Simplifiée
AkreimBpz8GWHsxkd;7-9 noviembre;París;PA19;Etiqueta individual;Notre Dame;07/11/2019 12:42:58;1;1;1;EUR;0.60;FERIA;25;0;352;N;París;73 Salon Philatélique d'Automne;Paris;07/11/2019;11;2019;Facture Simplifiée
JiRr3fnYN6yjFiKo6;7-9 noviembre;París;PA19;Etiqueta individual;Notre Dame;07/11/2019 12:43:05;1;1;1;EUR;0.60;FERIA;26;0;351;N;París;73 Salon Philatélique d'Automne;Paris;07/11/2019;11;2019;Facture Simplifiée
FwSQbSGtRdF5PaZiZ;7-9 noviembre;París;PA19;Etiqueta individual;Notre Dame;07/11/2019 12:43:17;1;1;1;EUR;0.60;FERIA;27;0;350;N;París;73 Salon Philatélique d'Automne;Paris;07/11/2019;11;2019;Facture Simplifiée
HNStMXKKcDAtpMrY4;7-9 noviembre;París;PA19;Etiqueta individual;Notre Dame;07/11/2019 12:43:26;1;1;1;EUR;0.60;FERIA;28;0;349;N;París;73 Salon Philatélique d'Automne;Paris;07/11/2019;11;2019;Facture Simplifiée
MwwZdoeQdSTnwt3xD;7-9 noviembre;París;PA19;Etiqueta individual;Notre Dame;07/11/2019 12:44:03;1;1;1;EUR;0.70;FERIA;29;0;348;N;París;73 Salon Philatélique d'Automne;Paris;07/11/2019;11;2019;Facture Simplifiée
BrgkZ9PqQXjNeet9c;7-9 noviembre;París;PA19;Etiqueta individual;Notre Dame;07/11/2019 12:44:06;1;1;1;EUR;0.70;FERIA;30;0;347;N;París;73 Salon Philatélique d'Automne;Paris;07/11/2019;11;2019;Facture Simplifiée
5tf3AuQPnxLMov6DC;7-9 noviembre;París;PA19;Etiqueta individual;Notre Dame;07/11/2019 12:44:10;1;1;1;EUR;0.70;FERIA;31;0;346;N;París;73 Salon Philatélique d'Automne;Paris;07/11/2019;11;2019;Facture Simplifiée
jpktKxdSdi3FGEcdW;7-9 noviembre;París;PA19;Etiqueta individual;Notre Dame;07/11/2019 12:44:13;1;1;1;EUR;0.70;FERIA;32;0;345;N;París;73 Salon Philatélique d'Automne;Paris;07/11/2019;11;2019;Facture Simplifiée
YWBSEhgPSJbqoAdMH;7-9 noviembre;París;PA19;Etiqueta individual;Notre Dame;07/11/2019 12:44:36;1;1;1;EUR;0.70;FERIA;33;0;344;N;París;73 Salon Philatélique d'Automne;Paris;07/11/2019;11;2019;Facture Simplifiée
v5kBuidP88TDtt9Wj;7-9 noviembre;París;PA19;Etiqueta individual;Notre Dame;07/11/2019 12:45:20;1;1;1;EUR;1.40;FERIA;34;0;343;N;París;73 Salon Philatélique d'Automne;Paris;07/11/2019;11;2019;Facture Simplifiée
W5B3kKBhaWks4nc48;7-9 noviembre;París;PA19;Etiqueta individual;Notre Dame;07/11/2019 12:45:24;1;1;1;EUR;1.40;FERIA;35;0;342;N;París;73 Salon Philatélique d'Automne;Paris;07/11/2019;11;2019;Facture Simplifiée
uhHm9YNtcXSnxxowi;7-9 noviembre;París;PA19;Etiqueta individual;Notre Dame;07/11/2019 12:45:25;1;1;1;EUR;1.40;FERIA;36;0;341;N;París;73 Salon Philatélique d'Automne;Paris;07/11/2019;11;2019;Facture Simplifiée
uDD7o4QXYZ3GoR8mT;7-9 noviembre;París;PA19;Etiqueta individual;Notre Dame;07/11/2019 12:45:27;1;1;1;EUR;1.40;FERIA;37;0;340;N;París;73 Salon Philatélique d'Automne;Paris;07/11/2019;11;2019;Facture Simplifiée
NePKH49gFkx56H3RH;7-9 noviembre;París;PA19;Etiqueta individual;Notre Dame;07/11/2019 12:45:30;1;1;1;EUR;1.40;FERIA;38;0;339;N;París;73 Salon Philatélique d'Automne;Paris;07/11/2019;11;2019;Facture Simplifiée
GuJmvkGc6QWsZ2AWP;7-9 noviembre;París;PA19;Etiqueta individual;Notre Dame;07/11/2019 12:45:32;1;1;1;EUR;1.40;FERIA;39;0;338;N;París;73 Salon Philatélique d'Automne;Paris;07/11/2019;11;2019;Facture Simplifiée
vxqbaznkdP5zExFYX;7-9 noviembre;París;PA19;Etiqueta individual;Notre Dame;07/11/2019 12:45:35;1;1;1;EUR;1.40;FERIA;40;0;337;N;París;73 Salon Philatélique d'Automne;Paris;07/11/2019;11;2019;Facture Simplifiée
Mm3X7K5jFgRPeinxr;7-9 noviembre;París;PA19;Etiqueta individual;Notre Dame;07/11/2019 12:45:37;1;1;1;EUR;1.40;FERIA;41;0;336;N;París;73 Salon Philatélique d'Automne;Paris;07/11/2019;11;2019;Facture Simplifiée
X7rLGgXjHgf2yhb8A;7-9 noviembre;París;PA19;Etiqueta individual;Notre Dame;07/11/2019 12:46:57;1;1;1;EUR;1.50;FERIA;42;0;335;N;París;73 Salon Philatélique d'Automne;Paris;07/11/2019;11;2019;Facture Simplifiée
w8WW2S8MYdhsf5WTz;7-9 noviembre;París;PA19;Etiqueta individual;Notre Dame;07/11/2019 12:46:59;1;1;1;EUR;1.50;FERIA;43;0;334;N;París;73 Salon Philatélique d'Automne;Paris;07/11/2019;11;2019;Facture Simplifiée
7JgSkLzma3q62cofM;7-9 noviembre;París;PA19;Etiqueta individual;Notre Dame;07/11/2019 12:47:01;1;1;1;EUR;1.50;FERIA;44;0;333;N;París;73 Salon Philatélique d'Automne;Paris;07/11/2019;11;2019;Facture Simplifiée
Cym7obTLzMSXMBgLJ;7-9 noviembre;París;PA19;Etiqueta individual;Notre Dame;07/11/2019 12:47:04;1;1;1;EUR;1.50;FERIA;45;0;332;N;París;73 Salon Philatélique d'Automne;Paris;07/11/2019;11;2019;Facture Simplifiée
LxysE6BFk7SNeacvJ;7-9 noviembre;París;PA19;Etiqueta individual;Notre Dame;07/11/2019 12:47:06;1;1;1;EUR;1.50;FERIA;46;0;331;N;París;73 Salon Philatélique d'Automne;Paris;07/11/2019;11;2019;Facture Simplifiée
hzYqyutK2Kw3k3J2t;7-9 noviembre;París;PA19;Tira de 4 Tarifas;Notre Dame;07/11/2019 12:48:42;5;4;20;EUR;4.20;FERIA;47;0;330;N;París;73 Salon Philatélique d'Automne;Paris;07/11/2019;11;2019;Facture Simplifiée
hcnnRTP29jC5XqxhL;7-9 noviembre;París;PA19;Etiqueta individual;Notre Dame;07/11/2019 12:51:59;1;1;1;EUR;0.60;FERIA;48;0;310;N;París;73 Salon Philatélique d'Automne;Paris;07/11/2019;11;2019;Facture Simplifiée
QRaDbE3FDZy6qYjao;7-9 noviembre;París;PA19;Etiqueta individual;Notre Dame;07/11/2019 12:52:02;1;1;1;EUR;0.60;FERIA;49;0;309;N;París;73 Salon Philatélique d'Automne;Paris;07/11/2019;11;2019;Facture Simplifiée
rFtWDxuPgcaPynDTG;7-9 noviembre;París;PA19;Tira de 4 Tarifas;Notre Dame;07/11/2019 12:52:28;2;4;8;EUR;4.20;FERIA;50;0;308;N;París;73 Salon Philatélique d'Automne;Paris;07/11/2019;11;2019;Facture Simplifiée
zTkc3mKSZBNAWPXtP;7-9 noviembre;París;PA19;Etiqueta individual;Notre Dame;07/11/2019 12:53:18;6;1;6;EUR;0.60;FERIA;51;0;300;N;París;73 Salon Philatélique d'Automne;Paris;07/11/2019;11;2019;Facture Simplifiée
ujHanMnppxDYNgKMh;7-9 noviembre;París;PA19;Etiqueta individual;Notre Dame;07/11/2019 12:53:45;10;1;10;EUR;0.60;FERIA;52;0;294;N;París;73 Salon Philatélique d'Automne;Paris;07/11/2019;11;2019;Facture Simplifiée
fu6o49E5v4k3Xd5kE;7-9 noviembre;París;PA19;Etiqueta individual;Notre Dame;07/11/2019 12:55:13;1;1;1;EUR;0.60;FERIA;53;0;284;N;París;73 Salon Philatélique d'Automne;Paris;07/11/2019;11;2019;Facture Simplifiée
oi3cQoy8ubMEt843v;7-9 noviembre;París;PA19;Etiqueta individual;Notre Dame;07/11/2019 12:55:34;1;1;1;EUR;0.60;FERIA;54;0;283;N;París;73 Salon Philatélique d'Automne;Paris;07/11/2019;11;2019;Facture Simplifiée
TzCvGr3sxj2Krjnwp;7-9 noviembre;París;PA19;Etiqueta individual;Notre Dame;07/11/2019 12:55:38;1;1;1;EUR;0.60;FERIA;55;0;282;N;París;73 Salon Philatélique d'Automne;Paris;07/11/2019;11;2019;Facture Simplifiée
XQybvL3WSWcfKqgFz;7-9 noviembre;París;PA19;Etiqueta individual;Notre Dame;07/11/2019 12:55:40;1;1;1;EUR;0.60;FERIA;56;0;281;N;París;73 Salon Philatélique d'Automne;Paris;07/11/2019;11;2019;Facture Simplifiée
XgZJDF43ikYX9SoDE;7-9 noviembre;París;PA19;Etiqueta individual;Notre Dame;07/11/2019 12:55:42;1;1;1;EUR;0.60;FERIA;57;0;280;N;París;73 Salon Philatélique d'Automne;Paris;07/11/2019;11;2019;Facture Simplifiée
ezHvwisEHzgM2QoQQ;7-9 noviembre;París;PA19;Etiqueta individual;Notre Dame;07/11/2019 12:56:39;1;1;1;EUR;0.70;FERIA;58;0;279;N;París;73 Salon Philatélique d'Automne;Paris;07/11/2019;11;2019;Facture Simplifiée
3PmCdmmMRC5hsBQdc;7-9 noviembre;París;PA19;Etiqueta individual;Notre Dame;07/11/2019 12:56:40;1;1;1;EUR;0.70;FERIA;59;0;278;N;París;73 Salon Philatélique d'Automne;Paris;07/11/2019;11;2019;Facture Simplifiée
SJeehPXyC8LxHSDji;7-9 noviembre;París;PA19;Etiqueta individual;Notre Dame;07/11/2019 12:56:43;1;1;1;EUR;0.70;FERIA;60;0;277;N;París;73 Salon Philatélique d'Automne;Paris;07/11/2019;11;2019;Facture Simplifiée
qxQ9ZLkB4w3moFF9S;7-9 noviembre;París;PA19;Etiqueta individual;Notre Dame;07/11/2019 12:56:45;1;1;1;EUR;0.70;FERIA;61;0;276;N;París;73 Salon Philatélique d'Automne;Paris;07/11/2019;11;2019;Facture Simplifiée
J5bNSRJJhwD53xBha;7-9 noviembre;París;PA19;Etiqueta individual;Notre Dame;07/11/2019 12:56:47;1;1;1;EUR;0.70;FERIA;62;0;275;N;París;73 Salon Philatélique d'Automne;Paris;07/11/2019;11;2019;Facture Simplifiée
bnbFSQvu93TxLpSDm;7-9 noviembre;París;PA19;Etiqueta individual;Notre Dame;07/11/2019 12:57:45;1;1;1;EUR;1.40;FERIA;63;0;274;N;París;73 Salon Philatélique d'Automne;Paris;07/11/2019;11;2019;Facture Simplifiée
NHdvBurXJKjBTRuCn;7-9 noviembre;París;PA19;Etiqueta individual;Notre Dame;07/11/2019 12:57:47;1;1;1;EUR;1.40;FERIA;64;0;273;N;París;73 Salon Philatélique d'Automne;Paris;07/11/2019;11;2019;Facture Simplifiée
DjJuWQxJ2zFvaenRG;7-9 noviembre;París;PA19;Etiqueta individual;Notre Dame;07/11/2019 12:57:49;1;1;1;EUR;1.40;FERIA;65;0;272;N;París;73 Salon Philatélique d'Automne;Paris;07/11/2019;11;2019;Facture Simplifiée
gh5LaZrBa6S5Mtpxv;7-9 noviembre;París;PA19;Etiqueta individual;Notre Dame;07/11/2019 12:57:51;1;1;1;EUR;1.40;FERIA;66;0;271;N;París;73 Salon Philatélique d'Automne;Paris;07/11/2019;11;2019;Facture Simplifiée
zpWmBSS8bLHj8zGmx;7-9 noviembre;París;PA19;Etiqueta individual;Notre Dame;07/11/2019 12:57:53;1;1;1;EUR;1.40;FERIA;67;0;270;N;París;73 Salon Philatélique d'Automne;Paris;07/11/2019;11;2019;Facture Simplifiée
Mcnm5ifT32Cd2pcoz;7-9 noviembre;París;PA19;Etiqueta individual;Notre Dame;07/11/2019 12:58:44;1;1;1;EUR;1.50;FERIA;68;0;269;N;París;73 Salon Philatélique d'Automne;Paris;07/11/2019;11;2019;Facture Simplifiée
cZPQ6KoYnWfcRxaT3;7-9 noviembre;París;PA19;Etiqueta individual;Notre Dame;07/11/2019 12:58:47;1;1;1;EUR;1.50;FERIA;69;0;268;N;París;73 Salon Philatélique d'Automne;Paris;07/11/2019;11;2019;Facture Simplifiée
JQXy3NSjefHxmbPNT;7-9 noviembre;París;PA19;Etiqueta individual;Notre Dame;07/11/2019 12:58:49;1;1;1;EUR;1.50;FERIA;70;0;267;N;París;73 Salon Philatélique d'Automne;Paris;07/11/2019;11;2019;Facture Simplifiée
nQFahdXYXDpPnixvn;7-9 noviembre;París;PA19;Etiqueta individual;Notre Dame;07/11/2019 12:58:51;1;1;1;EUR;1.50;FERIA;71;0;266;N;París;73 Salon Philatélique d'Automne;Paris;07/11/2019;11;2019;Facture Simplifiée
b3j76xHi3srCFEpZQ;7-9 noviembre;París;PA19;Etiqueta individual;Notre Dame;07/11/2019 12:58:53;1;1;1;EUR;1.50;FERIA;72;0;265;N;París;73 Salon Philatélique d'Automne;Paris;07/11/2019;11;2019;Facture Simplifiée
zmHhF9cTjvvnoPYLo;7-9 noviembre;París;PA19;Etiqueta individual;Notre Dame;07/11/2019 13:00:30;1;1;1;EUR;1.40;FERIA;73;0;264;N;París;73 Salon Philatélique d'Automne;Paris;07/11/2019;11;2019;Facture Simplifiée
4cBMWH8CMRN7kzKEB;7-9 noviembre;París;PA19;Etiqueta individual;Notre Dame;07/11/2019 13:00:32;1;1;1;EUR;1.40;FERIA;74;0;263;N;París;73 Salon Philatélique d'Automne;Paris;07/11/2019;11;2019;Facture Simplifiée
d3n8TFiwc7Nvtimrj;7-9 noviembre;París;PA19;Etiqueta individual;Notre Dame;07/11/2019 13:00:35;1;1;1;EUR;1.40;FERIA;75;0;262;N;París;73 Salon Philatélique d'Automne;Paris;07/11/2019;11;2019;Facture Simplifiée
cRwGMMB2PER8jMT6X;7-9 noviembre;París;PA19;Etiqueta individual;Notre Dame;07/11/2019 13:00:37;1;1;1;EUR;1.40;FERIA;76;0;261;N;París;73 Salon Philatélique d'Automne;Paris;07/11/2019;11;2019;Facture Simplifiée
HA3MTBwrWTxdFQMMv;7-9 noviembre;París;PA19;Etiqueta individual;Notre Dame;07/11/2019 13:00:39;1;1;1;EUR;1.40;FERIA;77;0;260;N;París;73 Salon Philatélique d'Automne;Paris;07/11/2019;11;2019;Facture Simplifiée
hXCzS6s3KMPoMLMYw;7-9 noviembre;París;PA19;Etiqueta individual;Notre Dame;07/11/2019 13:00:41;1;1;1;EUR;1.40;FERIA;78;0;259;N;París;73 Salon Philatélique d'Automne;Paris;07/11/2019;11;2019;Facture Simplifiée
2m3aanFYuDb7DEtv4;7-9 noviembre;París;PA19;Etiqueta individual;Notre Dame;07/11/2019 13:00:43;1;1;1;EUR;1.40;FERIA;79;0;258;N;París;73 Salon Philatélique d'Automne;Paris;07/11/2019;11;2019;Facture Simplifiée
LWNBfCc3JbxijCAnE;7-9 noviembre;París;PA19;Etiqueta individual;Notre Dame;07/11/2019 13:00:45;1;1;1;EUR;1.40;FERIA;80;0;257;N;París;73 Salon Philatélique d'Automne;Paris;07/11/2019;11;2019;Facture Simplifiée
2LoT29FqEeQhXpk8M;7-9 noviembre;París;PA19;Etiqueta individual;Notre Dame;07/11/2019 13:00:47;1;1;1;EUR;1.40;FERIA;81;0;256;N;París;73 Salon Philatélique d'Automne;Paris;07/11/2019;11;2019;Facture Simplifiée
4eysJECFeqtokDK7X;7-9 noviembre;París;PA19;Etiqueta individual;Notre Dame;07/11/2019 13:00:48;1;1;1;EUR;1.40;FERIA;82;0;255;N;París;73 Salon Philatélique d'Automne;Paris;07/11/2019;11;2019;Facture Simplifiée
BAuhubsdpJtGmcBwP;7-9 noviembre;París;PA19;Etiqueta individual;Notre Dame;07/11/2019 13:00:51;1;1;1;EUR;1.40;FERIA;83;0;254;N;París;73 Salon Philatélique d'Automne;Paris;07/11/2019;11;2019;Facture Simplifiée
2QoZPSf6ttymejpDc;7-9 noviembre;París;PA19;Etiqueta individual;Notre Dame;07/11/2019 13:00:53;1;1;1;EUR;1.40;FERIA;84;0;253;N;París;73 Salon Philatélique d'Automne;Paris;07/11/2019;11;2019;Facture Simplifiée
jwfDEZs9iRdmTStMY;7-9 noviembre;París;PA19;Etiqueta individual;Notre Dame;07/11/2019 13:00:55;1;1;1;EUR;1.40;FERIA;85;0;252;N;París;73 Salon Philatélique d'Automne;Paris;07/11/2019;11;2019;Facture Simplifiée
7vGBCz6hvTYhkQ5Mn;7-9 noviembre;París;PA19;Etiqueta individual;Notre Dame;07/11/2019 13:01:38;1;1;1;EUR;1.50;FERIA;86;0;251;N;París;73 Salon Philatélique d'Automne;Paris;07/11/2019;11;2019;Facture Simplifiée
aNXCHQYmMXJoqyxpj;7-9 noviembre;París;PA19;Etiqueta individual;Notre Dame;07/11/2019 13:01:41;1;1;1;EUR;1.50;FERIA;87;0;250;N;París;73 Salon Philatélique d'Automne;Paris;07/11/2019;11;2019;Facture Simplifiée
zfz3DGudBsx97h4bE;7-9 noviembre;París;PA19;Tira de 4 Tarifas;Notre Dame;07/11/2019 13:39:48;1;4;4;EUR;4.20;FERIA;88;0;249;N;París;73 Salon Philatélique d'Automne;Paris;07/11/2019;11;2019;Facture Simplifiée
soEJPLkyjp5Z7bmCm;7-9 noviembre;París;PA19;Tarifa A Tira 4;Notre Dame;07/11/2019 13:41:33;1;4;4;EUR;2.40;FERIA;89;0;245;N;París;73 Salon Philatélique d'Automne;Paris;07/11/2019;11;2019;Facture Simplifiée
xqahji9ojGc4oj3NX;7-9 noviembre;París;PA19;Tarifa A Tira 4;Notre Dame;07/11/2019 13:42:05;2;4;8;EUR;2.40;FERIA;90;0;241;N;París;73 Salon Philatélique d'Automne;Paris;07/11/2019;11;2019;Facture Simplifiée
GvjsuiAhrmDe9TQdj;7-9 noviembre;París;PA19;Tira de 4 Tarifas;Notre Dame;07/11/2019 13:42:35;1;4;4;EUR;4.20;FERIA;91;0;233;N;París;73 Salon Philatélique d'Automne;Paris;07/11/2019;11;2019;Facture Simplifiée
a2qG96MH62RQmgRz5;7-9 noviembre;París;PA19;Etiqueta individual;Notre Dame;07/11/2019 13:44:47;1;1;1;EUR;0.60;FERIA;92;0;229;N;París;73 Salon Philatélique d'Automne;Paris;07/11/2019;11;2019;Facture Simplifiée
iqGbsMYRCvyEPW2tB;7-9 noviembre;París;PA19;Etiqueta individual;Notre Dame;07/11/2019 13:46:05;1;1;1;EUR;1.40;FERIA;93;0;228;N;París;73 Salon Philatélique d'Automne;Paris;07/11/2019;11;2019;Facture Simplifiée
Sdv9YkzfbQJKQsGjk;7-9 noviembre;París;PA19;Etiqueta individual;Notre Dame;07/11/2019 13:46:10;1;1;1;EUR;1.50;FERIA;94;0;227;N;París;73 Salon Philatélique d'Automne;Paris;07/11/2019;11;2019;Facture Simplifiée
FYYgxckhqjEd7MP9G;7-9 noviembre;París;PA19;Etiqueta individual;Notre Dame;07/11/2019 13:46:12;1;1;1;EUR;1.50;FERIA;95;0;226;N;París;73 Salon Philatélique d'Automne;Paris;07/11/2019;11;2019;Facture Simplifiée
8zQY3vpwfhHqNBF54;7-9 noviembre;París;PA19;Etiqueta individual;Notre Dame;07/11/2019 13:46:15;1;1;1;EUR;1.50;FERIA;96;0;225;N;París;73 Salon Philatélique d'Automne;Paris;07/11/2019;11;2019;Facture Simplifiée
xc8YqABnNEqQr3y8F;7-9 noviembre;París;PA19;Etiqueta individual;Notre Dame;07/11/2019 13:46:17;1;1;1;EUR;1.50;FERIA;97;0;224;N;París;73 Salon Philatélique d'Automne;Paris;07/11/2019;11;2019;Facture Simplifiée
BbnGNpngyKBERHQQr;7-9 noviembre;París;PA19;Etiqueta individual;Notre Dame;07/11/2019 13:46:20;1;1;1;EUR;1.50;FERIA;98;0;223;N;París;73 Salon Philatélique d'Automne;Paris;07/11/2019;11;2019;Facture Simplifiée
q3iaWeoSpQdi5Yqoc;7-9 noviembre;París;PA19;Etiqueta individual;Notre Dame;07/11/2019 13:48:13;1;1;1;EUR;0.60;FERIA;99;0;222;N;París;73 Salon Philatélique d'Automne;Paris;07/11/2019;11;2019;Facture Simplifiée
snYQ9yCrn2wHwmLND;7-9 noviembre;París;PA19;Etiqueta individual;Notre Dame;07/11/2019 13:48:15;1;1;1;EUR;0.60;FERIA;100;0;221;N;París;73 Salon Philatélique d'Automne;Paris;07/11/2019;11;2019;Facture Simplifiée
BadRkmFHMHZrwYJhm;7-9 noviembre;París;PA19;Etiqueta individual;Notre Dame;07/11/2019 13:48:17;1;1;1;EUR;0.60;FERIA;101;0;220;N;París;73 Salon Philatélique d'Automne;Paris;07/11/2019;11;2019;Facture Simplifiée
che2NrFj2mpYH3YHL;7-9 noviembre;París;PA19;Etiqueta individual;Notre Dame;07/11/2019 13:48:19;1;1;1;EUR;0.60;FERIA;102;0;219;N;París;73 Salon Philatélique d'Automne;Paris;07/11/2019;11;2019;Facture Simplifiée
Fy8Cb5hjWQHKoXbjy;7-9 noviembre;París;PA19;Etiqueta individual;Notre Dame;07/11/2019 13:48:21;1;1;1;EUR;0.60;FERIA;103;0;218;N;París;73 Salon Philatélique d'Automne;Paris;07/11/2019;11;2019;Facture Simplifiée
GQpzW3orkxp6xhtnG;7-9 noviembre;París;PA19;Etiqueta individual;Notre Dame;07/11/2019 13:48:22;1;1;1;EUR;0.60;FERIA;104;0;217;N;París;73 Salon Philatélique d'Automne;Paris;07/11/2019;11;2019;Facture Simplifiée
Sdsc7Muph67tt3kNS;7-9 noviembre;París;PA19;Etiqueta individual;Notre Dame;07/11/2019 13:48:25;1;1;1;EUR;0.60;FERIA;105;0;216;N;París;73 Salon Philatélique d'Automne;Paris;07/11/2019;11;2019;Facture Simplifiée
R7piTNmMvpLbMaC7f;7-9 noviembre;París;PA19;Etiqueta individual;Notre Dame;07/11/2019 13:48:26;1;1;1;EUR;0.60;FERIA;106;0;215;N;París;73 Salon Philatélique d'Automne;Paris;07/11/2019;11;2019;Facture Simplifiée
Q7SDWQ9Wxrc3BaozM;7-9 noviembre;París;PA19;Etiqueta individual;Notre Dame;07/11/2019 13:48:28;1;1;1;EUR;0.60;FERIA;107;0;214;N;París;73 Salon Philatélique d'Automne;Paris;07/11/2019;11;2019;Facture Simplifiée
SjWeNPGAqaq2WbABj;7-9 noviembre;París;PA19;Etiqueta individual;Notre Dame;07/11/2019 13:48:30;1;1;1;EUR;0.60;FERIA;108;0;213;N;París;73 Salon Philatélique d'Automne;Paris;07/11/2019;11;2019;Facture Simplifiée
DpjXdY9vhTjZRLec6;7-9 noviembre;París;PA19;Etiqueta individual;Notre Dame;07/11/2019 13:54:26;1;1;1;EUR;1.40;FERIA;109;0;212;N;París;73 Salon Philatélique d'Automne;Paris;07/11/2019;11;2019;Facture Simplifiée
qTJ6KfuXHT8HPehXK;7-9 noviembre;París;PA19;Tira de 4 Tarifas;Notre Dame;07/11/2019 14:20:48;6;4;24;EUR;4.20;FERIA;110;0;211;N;París;73 Salon Philatélique d'Automne;Paris;07/11/2019;11;2019;Facture Simplifiée
nC7dn7XwgGkZJzM9P;7-9 noviembre;París;PA19;Etiqueta individual;Notre Dame;07/11/2019 14:29:12;1;1;1;EUR;0.60;FERIA;111;0;187;N;París;73 Salon Philatélique d'Automne;Paris;07/11/2019;11;2019;Facture Simplifiée
u9t6FWtrX2RSqbp6x;7-9 noviembre;París;PA19;Etiqueta individual;Notre Dame;07/11/2019 14:31:48;1;1;1;EUR;0.60;FERIA;112;0;186;N;París;73 Salon Philatélique d'Automne;Paris;07/11/2019;11;2019;Facture Simplifiée
RN3JRcnNBSKcdevuy;7-9 noviembre;París;PA19;Etiqueta individual;Notre Dame;07/11/2019 14:32:28;1;1;1;EUR;0.70;FERIA;113;0;185;N;París;73 Salon Philatélique d'Automne;Paris;07/11/2019;11;2019;Facture Simplifiée
wNnG6sZ7rP7efN69q;7-9 noviembre;París;PA19;Etiqueta individual;Notre Dame;07/11/2019 14:32:28;1;1;1;EUR;1.40;FERIA;113;0;185;N;París;73 Salon Philatélique d'Automne;Paris;07/11/2019;11;2019;Facture Simplifiée
n8viB9vwPKNQ6jQwz;7-9 noviembre;París;PA19;Etiqueta individual;Notre Dame;07/11/2019 14:32:28;1;1;1;EUR;1.50;FERIA;113;0;185;N;París;73 Salon Philatélique d'Automne;Paris;07/11/2019;11;2019;Facture Simplifiée
uCteaf6bcEHiWQ5ee;7-9 noviembre;París;PA19;Tira de 4 Tarifas;Notre Dame;07/11/2019 14:33:00;1;4;4;EUR;4.20;FERIA;114;0;182;N;París;73 Salon Philatélique d'Automne;Paris;07/11/2019;11;2019;Facture Simplifiée
3zqe6NYzxuYKoqi6R;7-9 noviembre;París;PA19;Etiqueta individual;Notre Dame;07/11/2019 14:35:08;1;1;1;EUR;0.60;FERIA;115;0;178;N;París;73 Salon Philatélique d'Automne;Paris;07/11/2019;11;2019;Facture Simplifiée
soN98EPHnJADByvcH;7-9 noviembre;París;PA19;Etiqueta individual;Notre Dame;07/11/2019 14:38:33;1;1;1;EUR;0.60;FERIA;116;0;177;N;París;73 Salon Philatélique d'Automne;Paris;07/11/2019;11;2019;Facture Simplifiée
4k3zYxrfkzb2qhbth;7-9 noviembre;París;PA19;Etiqueta individual;Notre Dame;07/11/2019 14:38:35;1;1;1;EUR;0.60;FERIA;117;0;176;N;París;73 Salon Philatélique d'Automne;Paris;07/11/2019;11;2019;Facture Simplifiée
rd9jz4cGQNxXW4kK9;7-9 noviembre;París;PA19;Etiqueta individual;Notre Dame;07/11/2019 14:38:36;1;1;1;EUR;0.60;FERIA;118;0;175;N;París;73 Salon Philatélique d'Automne;Paris;07/11/2019;11;2019;Facture Simplifiée
QH5Mia9zqLnZSLCAu;7-9 noviembre;París;PA19;Etiqueta individual;Notre Dame;07/11/2019 14:38:38;1;1;1;EUR;0.60;FERIA;119;0;174;N;París;73 Salon Philatélique d'Automne;Paris;07/11/2019;11;2019;Facture Simplifiée
jc692F9rkQN9WYDS2;7-9 noviembre;París;PA19;Etiqueta individual;Notre Dame;07/11/2019 14:38:40;1;1;1;EUR;0.60;FERIA;120;0;173;N;París;73 Salon Philatélique d'Automne;Paris;07/11/2019;11;2019;Facture Simplifiée
NgafqsvKku2KhgkAm;7-9 noviembre;París;PA19;Etiqueta individual;Notre Dame;07/11/2019 14:38:41;1;1;1;EUR;0.60;FERIA;121;0;172;N;París;73 Salon Philatélique d'Automne;Paris;07/11/2019;11;2019;Facture Simplifiée
nJNQ63vKsusnMoHed;7-9 noviembre;París;PA19;Etiqueta individual;Notre Dame;07/11/2019 14:38:43;1;1;1;EUR;0.60;FERIA;122;0;171;N;París;73 Salon Philatélique d'Automne;Paris;07/11/2019;11;2019;Facture Simplifiée
zybmJXkbMacnwhX8g;7-9 noviembre;París;PA19;Etiqueta individual;Notre Dame;07/11/2019 14:38:44;1;1;1;EUR;0.60;FERIA;123;0;170;N;París;73 Salon Philatélique d'Automne;Paris;07/11/2019;11;2019;Facture Simplifiée
Yr8exG6iKjGFoiMmD;7-9 noviembre;París;PA19;Etiqueta individual;Notre Dame;07/11/2019 14:38:46;1;1;1;EUR;0.60;FERIA;124;0;169;N;París;73 Salon Philatélique d'Automne;Paris;07/11/2019;11;2019;Facture Simplifiée
ea9LTywpsZ9ZThsqv;7-9 noviembre;París;PA19;Etiqueta individual;Notre Dame;07/11/2019 14:38:47;1;1;1;EUR;0.60;FERIA;125;0;168;N;París;73 Salon Philatélique d'Automne;Paris;07/11/2019;11;2019;Facture Simplifiée
2D6bebhKR9qP9Lz9m;7-9 noviembre;París;PA19;Etiqueta individual;Notre Dame;07/11/2019 14:38:49;1;1;1;EUR;0.60;FERIA;126;0;167;N;París;73 Salon Philatélique d'Automne;Paris;07/11/2019;11;2019;Facture Simplifiée
kFPSo7QSGQXizh6cC;7-9 noviembre;París;PA19;Etiqueta individual;Notre Dame;07/11/2019 14:38:52;1;1;1;EUR;0.60;FERIA;127;0;166;N;París;73 Salon Philatélique d'Automne;Paris;07/11/2019;11;2019;Facture Simplifiée
wnhoCEfE5FNaS7BZ4;7-9 noviembre;París;PA19;Etiqueta individual;Notre Dame;07/11/2019 14:38:54;1;1;1;EUR;0.60;FERIA;128;0;165;N;París;73 Salon Philatélique d'Automne;Paris;07/11/2019;11;2019;Facture Simplifiée
Yonnh4CLwYjDns6zM;7-9 noviembre;París;PA19;Etiqueta individual;Notre Dame;07/11/2019 14:38:56;1;1;1;EUR;0.60;FERIA;129;0;164;N;París;73 Salon Philatélique d'Automne;Paris;07/11/2019;11;2019;Facture Simplifiée
275LBcgaZ7Fn2eFDD;7-9 noviembre;París;PA19;Etiqueta individual;Notre Dame;07/11/2019 14:38:58;1;1;1;EUR;0.60;FERIA;130;0;163;N;París;73 Salon Philatélique d'Automne;Paris;07/11/2019;11;2019;Facture Simplifiée
qamg4gXgbph8e93oj;7-9 noviembre;París;PA19;Etiqueta individual;Notre Dame;07/11/2019 14:38:59;1;1;1;EUR;0.60;FERIA;131;0;162;N;París;73 Salon Philatélique d'Automne;Paris;07/11/2019;11;2019;Facture Simplifiée
sxizuqMq7Jvub2SBJ;7-9 noviembre;París;PA19;Etiqueta individual;Notre Dame;07/11/2019 14:39:01;1;1;1;EUR;0.60;FERIA;132;0;161;N;París;73 Salon Philatélique d'Automne;Paris;07/11/2019;11;2019;Facture Simplifiée
Rd9mC5yS6bpShxTfC;7-9 noviembre;París;PA19;Etiqueta individual;Notre Dame;07/11/2019 14:39:02;1;1;1;EUR;0.60;FERIA;133;0;160;N;París;73 Salon Philatélique d'Automne;Paris;07/11/2019;11;2019;Facture Simplifiée
MrW5K3cT8hZb7iP4j;7-9 noviembre;París;PA19;Etiqueta individual;Notre Dame;07/11/2019 14:39:04;1;1;1;EUR;0.60;FERIA;134;0;159;N;París;73 Salon Philatélique d'Automne;Paris;07/11/2019;11;2019;Facture Simplifiée
wC8pr7eybeHL4guyR;7-9 noviembre;París;PA19;Etiqueta individual;Notre Dame;07/11/2019 14:39:05;1;1;1;EUR;0.60;FERIA;135;0;158;N;París;73 Salon Philatélique d'Automne;Paris;07/11/2019;11;2019;Facture Simplifiée
e6gNuN5EB3m64DJua;7-9 noviembre;París;PA19;Etiqueta individual;Notre Dame;07/11/2019 14:39:07;1;1;1;EUR;0.60;FERIA;136;0;157;N;París;73 Salon Philatélique d'Automne;Paris;07/11/2019;11;2019;Facture Simplifiée
YAoi3Yfx2FTaHgX4M;7-9 noviembre;París;PA19;Etiqueta individual;Notre Dame;07/11/2019 14:39:09;1;1;1;EUR;0.60;FERIA;137;0;156;N;París;73 Salon Philatélique d'Automne;Paris;07/11/2019;11;2019;Facture Simplifiée
fH3EEpsmMLDs3Rm9E;7-9 noviembre;París;PA19;Etiqueta individual;Notre Dame;07/11/2019 14:39:11;1;1;1;EUR;0.60;FERIA;138;0;155;N;París;73 Salon Philatélique d'Automne;Paris;07/11/2019;11;2019;Facture Simplifiée
J8snTuTFBLxzoAyo7;7-9 noviembre;París;PA19;Etiqueta individual;Notre Dame;07/11/2019 14:39:12;1;1;1;EUR;0.60;FERIA;139;0;154;N;París;73 Salon Philatélique d'Automne;Paris;07/11/2019;11;2019;Facture Simplifiée
N2W7ZdjedMBKZKKde;7-9 noviembre;París;PA19;Etiqueta individual;Notre Dame;07/11/2019 14:39:14;1;1;1;EUR;0.60;FERIA;140;0;153;N;París;73 Salon Philatélique d'Automne;Paris;07/11/2019;11;2019;Facture Simplifiée
KPpaKG2Pgeh5hFoYa;7-9 noviembre;París;PA19;Etiqueta individual;Notre Dame;07/11/2019 14:49:37;1;1;1;EUR;0.60;FERIA;141;0;152;N;París;73 Salon Philatélique d'Automne;Paris;07/11/2019;11;2019;Facture Simplifiée
5Ty25MwppW9wj4GrG;7-9 noviembre;París;PA19;Etiqueta individual;Notre Dame;07/11/2019 15:03:38;1;1;1;EUR;0.70;Filatelia;142;0;151;N;París;73 Salon Philatélique d'Automne;Paris;07/11/2019;11;2019;Filatelia
2KZzC3mkMSYgqyLdg;7-9 noviembre;París;PA19;Tira de 4 Tarifas;Notre Dame;07/11/2019 15:04:06;2;4;8;EUR;4.20;FERIA;143;0;150;N;París;73 Salon Philatélique d'Automne;Paris;07/11/2019;11;2019;Facture Simplifiée
c5QTE5s5eAEvMSoec;7-9 noviembre;París;PA19;Etiqueta individual;Notre Dame;07/11/2019 15:04:49;1;1;1;EUR;0.60;FERIA;144;0;142;N;París;73 Salon Philatélique d'Automne;Paris;07/11/2019;11;2019;Facture Simplifiée
uDscW5jAEdsE8n2n4;7-9 noviembre;París;PA19;Etiqueta individual;Notre Dame;07/11/2019 15:04:51;1;1;1;EUR;0.60;FERIA;145;0;141;N;París;73 Salon Philatélique d'Automne;Paris;07/11/2019;11;2019;Facture Simplifiée
eHjZbLHMEdsj8HWkq;7-9 noviembre;París;PA19;Etiqueta individual;Notre Dame;07/11/2019 15:04:53;1;1;1;EUR;0.60;FERIA;146;0;140;N;París;73 Salon Philatélique d'Automne;Paris;07/11/2019;11;2019;Facture Simplifiée
6wb4qxu6LY49bM5Zb;7-9 noviembre;París;PA19;Etiqueta individual;Notre Dame;07/11/2019 15:04:55;1;1;1;EUR;0.60;FERIA;147;0;139;N;París;73 Salon Philatélique d'Automne;Paris;07/11/2019;11;2019;Facture Simplifiée
D79tCG3BWgAvA4Tks;7-9 noviembre;París;PA19;Etiqueta individual;Notre Dame;07/11/2019 15:04:56;1;1;1;EUR;0.60;FERIA;148;0;138;N;París;73 Salon Philatélique d'Automne;Paris;07/11/2019;11;2019;Facture Simplifiée
QgFRddWyRsFmp32Qg;7-9 noviembre;París;PA19;Etiqueta individual;Notre Dame;07/11/2019 15:04:58;1;1;1;EUR;0.60;FERIA;149;0;137;N;París;73 Salon Philatélique d'Automne;Paris;07/11/2019;11;2019;Facture Simplifiée
bpZa5qbouDKYBXFD3;7-9 noviembre;París;PA19;Etiqueta individual;Notre Dame;07/11/2019 15:04:59;1;1;1;EUR;0.60;FERIA;150;0;136;N;París;73 Salon Philatélique d'Automne;Paris;07/11/2019;11;2019;Facture Simplifiée
mYxymkg7LJGSDJGXk;7-9 noviembre;París;PA19;Etiqueta individual;Notre Dame;07/11/2019 15:05:01;1;1;1;EUR;0.60;FERIA;151;0;135;N;París;73 Salon Philatélique d'Automne;Paris;07/11/2019;11;2019;Facture Simplifiée
MXqR25b32MYEuCrB7;7-9 noviembre;París;PA19;Etiqueta individual;Notre Dame;07/11/2019 15:05:03;1;1;1;EUR;0.60;FERIA;152;0;134;N;París;73 Salon Philatélique d'Automne;Paris;07/11/2019;11;2019;Facture Simplifiée
NdeNcQHySNkyvxvrA;7-9 noviembre;París;PA19;Etiqueta individual;Notre Dame;07/11/2019 15:05:04;1;1;1;EUR;0.60;FERIA;153;0;133;N;París;73 Salon Philatélique d'Automne;Paris;07/11/2019;11;2019;Facture Simplifiée
vojDS2AMp3j7jqGPn;7-9 noviembre;París;PA19;Etiqueta individual;Notre Dame;07/11/2019 15:08:13;2;1;2;EUR;0.60;FERIA;154;0;132;N;París;73 Salon Philatélique d'Automne;Paris;07/11/2019;11;2019;Facture Simplifiée
6XM7oGGQGRurgZAcK;7-9 noviembre;París;PA19;Tira de 4 Tarifas;Notre Dame;07/11/2019 15:08:13;3;4;12;EUR;4.20;FERIA;154;0;132;N;París;73 Salon Philatélique d'Automne;Paris;07/11/2019;11;2019;Facture Simplifiée
QAthbhvaJnrR77BRv;7-9 noviembre;París;PA19;Etiqueta individual;Notre Dame;07/11/2019 15:10:47;20;1;20;EUR;0.60;FERIA;155;0;118;N;París;73 Salon Philatélique d'Automne;Paris;07/11/2019;11;2019;Facture Simplifiée
ApYwdS3jrYK6RF2FA;7-9 noviembre;París;PA19;Tira de 4 Tarifas;Notre Dame;07/11/2019 15:25:40;1;4;4;EUR;4.20;FERIA;156;0;98;N;París;73 Salon Philatélique d'Automne;Paris;07/11/2019;11;2019;Facture Simplifiée
hkrHHfiavQBaq87FS;7-9 noviembre;París;PA19;Tira de 4 Tarifas;Notre Dame;07/11/2019 15:30:06;3;4;12;EUR;4.20;FERIA;157;0;94;N;París;73 Salon Philatélique d'Automne;Paris;07/11/2019;11;2019;Facture Simplifiée
CBWbgCDTwCotxM7rk;7-9 noviembre;París;PA19;Etiqueta individual;Notre Dame;07/11/2019 15:30:12;1;1;1;EUR;0.60;FERIA;158;0;82;N;París;73 Salon Philatélique d'Automne;Paris;07/11/2019;11;2019;Facture Simplifiée
9MnC7xrWc9CcRiPCY;7-9 noviembre;París;PA19;Etiqueta individual;Notre Dame;07/11/2019 15:30:14;1;1;1;EUR;0.60;FERIA;159;0;81;N;París;73 Salon Philatélique d'Automne;Paris;07/11/2019;11;2019;Facture Simplifiée
2TiKFRLbwdaRwBXqk;7-9 noviembre;París;PA19;Etiqueta individual;Notre Dame;07/11/2019 15:30:17;1;1;1;EUR;0.60;FERIA;160;0;80;N;París;73 Salon Philatélique d'Automne;Paris;07/11/2019;11;2019;Facture Simplifiée
nk3csoQqDPHaaPvmq;7-9 noviembre;París;PA19;Etiqueta individual;Notre Dame;07/11/2019 15:30:21;1;1;1;EUR;0.60;FERIA;161;0;79;N;París;73 Salon Philatélique d'Automne;Paris;07/11/2019;11;2019;Facture Simplifiée
34JTr3y4b9BhvjRjh;7-9 noviembre;París;PA19;Etiqueta individual;Notre Dame;07/11/2019 15:30:23;1;1;1;EUR;0.60;FERIA;162;0;78;N;París;73 Salon Philatélique d'Automne;Paris;07/11/2019;11;2019;Facture Simplifiée
xaiPwHTrR7kGHYmC5;7-9 noviembre;París;PA19;Etiqueta individual;Notre Dame;07/11/2019 15:30:24;1;1;1;EUR;0.60;FERIA;163;0;77;N;París;73 Salon Philatélique d'Automne;Paris;07/11/2019;11;2019;Facture Simplifiée
BEC9cKqBhrF42jkRJ;7-9 noviembre;París;PA19;Etiqueta individual;Notre Dame;07/11/2019 15:30:26;1;1;1;EUR;0.60;FERIA;164;0;76;N;París;73 Salon Philatélique d'Automne;Paris;07/11/2019;11;2019;Facture Simplifiée
2F3Ju3GMBeQnKLrdX;7-9 noviembre;París;PA19;Etiqueta individual;Notre Dame;07/11/2019 15:30:28;1;1;1;EUR;0.60;FERIA;165;0;75;N;París;73 Salon Philatélique d'Automne;Paris;07/11/2019;11;2019;Facture Simplifiée
97WNWGD28Z3W2eZnM;7-9 noviembre;París;PA19;Etiqueta individual;Notre Dame;07/11/2019 15:30:30;1;1;1;EUR;0.60;FERIA;166;0;74;N;París;73 Salon Philatélique d'Automne;Paris;07/11/2019;11;2019;Facture Simplifiée
MqaXr9XHxARw7ns3Y;7-9 noviembre;París;PA19;Etiqueta individual;Notre Dame;07/11/2019 15:30:32;1;1;1;EUR;0.60;FERIA;167;0;73;N;París;73 Salon Philatélique d'Automne;Paris;07/11/2019;11;2019;Facture Simplifiée
yhHLTR7KaXkLyib8m;7-9 noviembre;París;PA19;Etiqueta individual;Notre Dame;07/11/2019 15:30:33;1;1;1;EUR;0.60;FERIA;168;0;72;N;París;73 Salon Philatélique d'Automne;Paris;07/11/2019;11;2019;Facture Simplifiée
YRHWg7dRD2B5RD226;7-9 noviembre;París;PA19;Etiqueta individual;Notre Dame;07/11/2019 15:30:35;1;1;1;EUR;0.60;FERIA;169;0;71;N;París;73 Salon Philatélique d'Automne;Paris;07/11/2019;11;2019;Facture Simplifiée
h2jPwCQrdnhsM7ph6;7-9 noviembre;París;PA19;Etiqueta individual;Notre Dame;07/11/2019 15:36:30;10;1;10;EUR;0.60;FERIA;170;0;70;N;París;73 Salon Philatélique d'Automne;Paris;07/11/2019;11;2019;Facture Simplifiée
cxmJFPGbRBpY7CmtR;7-9 noviembre;París;PA19;Etiqueta individual;Notre Dame;07/11/2019 15:41:38;1;1;1;EUR;1.40;FERIA;171;0;60;N;París;73 Salon Philatélique d'Automne;Paris;07/11/2019;11;2019;Facture Simplifiée
FP8kjGMjGo8HG67Hm;7-9 noviembre;París;PA19;Etiqueta individual;Notre Dame;07/11/2019 16:39:37;10;1;10;EUR;1.40;FERIA;172;0;59;N;París;73 Salon Philatélique d'Automne;Paris;07/11/2019;11;2019;Facture Simplifiée
Sg9FPyksHoDYQ8phz;7-9 noviembre;París;PA19;Tira de 4 Tarifas;Notre Dame;07/11/2019 16:49:16;1;4;4;EUR;4.20;FERIA;173;0;49;N;París;73 Salon Philatélique d'Automne;Paris;07/11/2019;11;2019;Facture Simplifiée
SCi2CmFCL9qNnmrMb;7-9 noviembre;París;PA19;Etiqueta individual;Notre Dame;07/11/2019 16:49:52;1;1;1;EUR;0.60;FERIA;174;0;45;N;París;73 Salon Philatélique d'Automne;Paris;07/11/2019;11;2019;Facture Simplifiée
dce8ff8s93KA5jc4r;7-9 noviembre;París;PA19;Etiqueta individual;Notre Dame;07/11/2019 16:49:52;4;1;4;EUR;1.40;FERIA;174;0;45;N;París;73 Salon Philatélique d'Automne;Paris;07/11/2019;11;2019;Facture Simplifiée
Xem2WvxbraRAfe4vo;7-9 noviembre;París;PA19;Etiqueta individual;Notre Dame;07/11/2019 17:40:48;2;1;2;EUR;1.40;FERIA;175;0;40;N;París;73 Salon Philatélique d'Automne;Paris;07/11/2019;11;2019;Facture Simplifiée
rybjPDJphv8tRMcg9;7-9 noviembre;París;PA19;Tira de 4 Tarifas;Notre Dame;07/11/2019 17:50:09;1;4;4;EUR;4.20;FERIA;176;0;38;N;París;73 Salon Philatélique d'Automne;Paris;07/11/2019;11;2019;Facture Simplifiée
HB9bBQRQsxhkj8yp4;7-9 noviembre;París;PA19;Tira de 4 Tarifas;Notre Dame;07/11/2019 18:02:36;4;4;16;EUR;4.20;FERIA;177;0;34;N;París;73 Salon Philatélique d'Automne;Paris;07/11/2019;11;2019;Facture Simplifiée
koobR6yEz98TwAk9o;7-9 noviembre;París;PA19;Tira de 4 Tarifas;Notre Dame;08/11/2019 09:22:53;1;4;4;EUR;4.20;Filatelia;178;0;18;N;París;73 Salon Philatélique d'Automne;Paris;08/11/2019;11;2019;Filatelia
ov467EDADkYpnJJhk;7-9 noviembre;París;PA19;Tira de 4 Tarifas;Notre Dame;08/11/2019 09:26:36;1;4;4;EUR;4.20;Filatelia;179;0;14;N;París;73 Salon Philatélique d'Automne;Paris;08/11/2019;11;2019;Filatelia
ru2m3RPgjLc9ZAyqF;QUITAR ROLLO 2; ; ; ; ;; ; ; ; ; ; ; ; ;QUITADO; ; ; ; ; ; ; ; 
9gpc5Aqyomx3GYxfJ;COLOCAR ROLLO 2; ; ; ; ;; ; ; ; ; ; ; ; ;COLOCADO; ; ; ; ; ; ; ; 
SaebPWqG8to3pwgtg;7-9 noviembre;París;PA19;Tira de 4 Tarifas;Notre Dame;08/11/2019 09:29:35;1;4;4;EUR;4.20;Filatelia;180;0;17;N;París;73 Salon Philatélique d'Automne;Paris;08/11/2019;11;2019;Filatelia
mNSyTfvk986akasB8;7-9 noviembre;París;PA19;Tira de 4 Tarifas;Notre Dame;08/11/2019 10:13:35;1;4;4;EUR;4.20;FERIA;181;0;13;N;París;73 Salon Philatélique d'Automne;Paris;08/11/2019;11;2019;Facture Simplifiée
sM9hnw9aEWm2Ys9MT;QUITAR ROLLO 2; ; ; ; ;; ; ; ; ; ; ; ; ;QUITADO; ; ; ; ; ; ; ; 
Wj3Qr7CwCz8apPCMe;COLOCAR ROLLO 2; ; ; ; ;; ; ; ; ; ; ; ; ;COLOCADO; ; ; ; ; ; ; ; 
b6kai4brLenNTbo87;7-9 noviembre;París;Etiqueta individual;Notre Dame;1;1;1;EUR;0.60;Filatelia;NaN;NaN;14;París;73 Salon Philatélique d'Automne;Paris;Filatelia
SmHB82eddNbJePaAS;QUITAR ROLLO 1; ; ; ; ;; ; ; ; ; ; ; ;QUITADO;; ; ; ; ; ; ; ; 
WedKHYpWcQS6TbTSq;COLOCAR ROLLO 1; ; ; ; ;; ; ; ; ; ; ; ;COLOCADO;; ; ; ; ; ; ; ; 
GuMgXSso3vuwaZn26;7-9 noviembre;París;PA19;Etiqueta individual;Notre Dame;08/11/2019 10:39:21;1;1;1;EUR;0.60;Filatelia;200;0;13;N;París;73 Salon Philatélique d'Automne;Paris;08/11/2019;11;2019;Filatelia
YoZmYFqpCsvYGPLvn;QUITAR ROLLO 2; ; ; ; ;; ; ; ; ; ; ; ; ;QUITADO; ; ; ; ; ; ; ; 
yFLpavHJEWbJWhv55;COLOCAR ROLLO 2; ; ; ; ;; ; ; ; ; ; ; ; ;COLOCADO; ; ; ; ; ; ; ; 
Zbw7qZhZ4jshf4cXb;QUITAR ROLLO 2; ; ; ; ;; ; ; ; ; ; ; ; ;QUITADO; ; ; ; ; ; ; ; 
5qxcuPDPRXtcBQB7i;COLOCAR ROLLO 2; ; ; ; ;; ; ; ; ; ; ; ; ;COLOCADO; ; ; ; ; ; ; ; 
YMjux7ka2CZGgPM4i;7-9 noviembre;París;PA19;Tira de 4 Tarifas;Notre Dame;08/11/2019 10:43:48;1;4;4;EUR;4.20;FERIA;178;0;1499;N;París;73 Salon Philatélique d'Automne;Paris;08/11/2019;11;2019;Facture Simplifiée
tgrYqMpPBRq6GpLXy;ELIMINAR ANTERIOR; ;error de impresión; ; ;; ; ; ; ; ;Error;ELIMINAR ANTERIOR;actualizado;actualizado; ;Error;73 Salon Philatélique d'Automne;Paris;Error;Error;Error;Error
gDxeP63Gpjc8gGXnQ;7-9 noviembre;París;PA19;Etiqueta individual;Notre Dame;08/11/2019 10:57:36;1;1;1;EUR;0.60;FERIA;178;0;1499;N;París;73 Salon Philatélique d'Automne;Paris;08/11/2019;11;2019;Facture Simplifiée
qkoXurNPxW237KYbq;7-9 noviembre;París;PA19;Etiqueta individual;Notre Dame;08/11/2019 10:58:18;1;1;1;EUR;0.60;Filatelia;179;0;1498;N;París;73 Salon Philatélique d'Automne;Paris;08/11/2019;11;2019;Filatelia
Tin3rp2B5hbXE96Tb;7-9 noviembre;París;PA19;Etiqueta individual;Notre Dame;08/11/2019 11:08:59;200;1;200;EUR;0.60;FERIA;180;0;1497;N;París;73 Salon Philatélique d'Automne;Paris;08/11/2019;11;2019;Facture Simplifiée
9ioYvq6kwrAPPYZa6;7-9 noviembre;París;PA19;Tira de 4 Tarifas;Notre Dame;08/11/2019 11:08:59;10;4;40;EUR;4.20;FERIA;180;0;1497;N;París;73 Salon Philatélique d'Automne;Paris;08/11/2019;11;2019;Facture Simplifiée
T5i48djYFSys7hQEn;7-9 noviembre;París;PA19;Tira de 4 Tarifas;Notre Dame;08/11/2019 11:14:03;1;4;4;EUR;4.20;FERIA;181;0;1257;N;París;73 Salon Philatélique d'Automne;Paris;08/11/2019;11;2019;Facture Simplifiée
kf2hmuXieGLMs7a2N;7-9 noviembre;París;PA19;Etiqueta individual;Notre Dame;08/11/2019 11:17:02;1;1;1;EUR;0.60;FERIA;182;0;1253;N;París;73 Salon Philatélique d'Automne;Paris;08/11/2019;11;2019;Facture Simplifiée
QXcARYemaCnG4XKbF;7-9 noviembre;París;PA19;Tira de 4 Tarifas;Notre Dame;08/11/2019 11:34:56;1;4;4;EUR;4.20;FERIA;183;0;1252;N;París;73 Salon Philatélique d'Automne;Paris;08/11/2019;11;2019;Facture Simplifiée
cRRKWkuPk2aE2hnM5;7-9 noviembre;París;PA19;Tira de 4 Tarifas;Notre Dame;08/11/2019 12:06:53;1;4;4;EUR;4.20;FERIA;184;0;1248;N;París;73 Salon Philatélique d'Automne;Paris;08/11/2019;11;2019;Facture Simplifiée
xSDsCX2as2DQLf2LH;7-9 noviembre;París;PA19;Etiqueta individual;Notre Dame;08/11/2019 13:36:27;2;1;2;EUR;0.60;FERIA;185;0;1244;N;París;73 Salon Philatélique d'Automne;Paris;08/11/2019;11;2019;Facture Simplifiée
HpPk6AoNsbgK9Qj2o;7-9 noviembre;París;PA19;Tira de 4 Tarifas;Notre Dame;08/11/2019 13:36:27;1;4;4;EUR;4.20;FERIA;185;0;1244;N;París;73 Salon Philatélique d'Automne;Paris;08/11/2019;11;2019;Facture Simplifiée
H4wt7jNZHTjJB3Auf;7-9 noviembre;París;PA19;Etiqueta individual;Notre Dame;08/11/2019 13:43:28;1;1;1;EUR;0.60;Filatelia;186;0;1238;N;París;73 Salon Philatélique d'Automne;Paris;08/11/2019;11;2019;Filatelia
oJ6yiihjCgX5qL6eE;7-9 noviembre;París;PA19;Tira de 4 Tarifas;Notre Dame;08/11/2019 13:43:28;1;4;4;EUR;4.20;Filatelia;186;0;1238;N;París;73 Salon Philatélique d'Automne;Paris;08/11/2019;11;2019;Filatelia
p4YbmaiSWohxXczpH;7-9 noviembre;París;PA19;Etiqueta individual;Notre Dame;08/11/2019 13:46:41;1;1;1;EUR;0.60;Filatelia;187;0;1233;N;París;73 Salon Philatélique d'Automne;Paris;08/11/2019;11;2019;Filatelia
vDFnaHXsbPzxZ7DBe;7-9 noviembre;París;PA19;Etiqueta individual;Notre Dame;08/11/2019 13:58:26;10;1;10;EUR;0.60;FERIA;188;0;1232;N;París;73 Salon Philatélique d'Automne;Paris;08/11/2019;11;2019;Facture Simplifiée
SjJfg9N2H9Ggh4fEv;7-9 noviembre;París;PA19;Tira de 4 Tarifas;Notre Dame;08/11/2019 13:58:26;1;4;4;EUR;4.20;FERIA;188;0;1232;N;París;73 Salon Philatélique d'Automne;Paris;08/11/2019;11;2019;Facture Simplifiée
hiA7BeFZHv452MZnt;7-9 noviembre;París;PA19;Tira de 4 Tarifas;Notre Dame;08/11/2019 14:00:44;4;4;16;EUR;4.20;FERIA;189;0;1218;N;París;73 Salon Philatélique d'Automne;Paris;08/11/2019;11;2019;Facture Simplifiée
QfQtQtHyTts7c7Dzg;7-9 noviembre;París;PA19;Etiqueta individual;Notre Dame;08/11/2019 14:49:40;1;1;1;EUR;0.60;FERIA;190;0;1202;N;París;73 Salon Philatélique d'Automne;Paris;08/11/2019;11;2019;Facture Simplifiée
3qKMgupcm9s2XoXfy;7-9 noviembre;París;PA19;Tira de 4 Tarifas;Notre Dame;08/11/2019 15:44:47;1;4;4;EUR;4.20;FERIA;191;0;1201;N;París;73 Salon Philatélique d'Automne;Paris;08/11/2019;11;2019;Facture Simplifiée
5adbiHFXsibWBJnpS;7-9 noviembre;París;PA19;Etiqueta individual;Notre Dame;08/11/2019 16:55:53;20;1;20;EUR;1.40;FERIA;192;0;1197;N;París;73 Salon Philatélique d'Automne;Paris;08/11/2019;11;2019;Facture Simplifiée
kijNhE6Gh4RnqdXpo;7-9 noviembre;París;PA19;Tira de 4 Tarifas;Notre Dame;09/11/2019 10:05:57;1;4;4;EUR;4.20;Filatelia;193;0;1177;N;París;73 Salon Philatélique d'Automne;Paris;09/11/2019;11;2019;Filatelia
BBHGFQLQ2iJstDLLy;7-9 noviembre;París;PA19;Etiqueta individual;Notre Dame;09/11/2019 10:47:55;1;1;1;EUR;0.60;FERIA;194;0;1173;N;París;73 Salon Philatélique d'Automne;Paris;09/11/2019;11;2019;Facture Simplifiée
MLSwNycLprKZr9pnK;7-9 noviembre;París;PA19;Etiqueta individual;Notre Dame;09/11/2019 10:54:49;2;1;2;EUR;1.40;FERIA;195;0;1172;N;París;73 Salon Philatélique d'Automne;Paris;09/11/2019;11;2019;Facture Simplifiée
vqPy2AXLG7wGKEAAp;7-9 noviembre;París;PA19;Tira de 4 Tarifas;Notre Dame;09/11/2019 10:54:49;1;4;4;EUR;4.20;FERIA;195;0;1172;N;París;73 Salon Philatélique d'Automne;Paris;09/11/2019;11;2019;Facture Simplifiée
Pd6PKuCTrchFoPq28;7-9 noviembre;París;PA19;Tira de 4 Tarifas;Notre Dame;09/11/2019 11:01:14;1;4;4;EUR;4.20;FERIA;196;0;1166;N;París;73 Salon Philatélique d'Automne;Paris;09/11/2019;11;2019;Facture Simplifiée
WfF8LzAKLGe4xTYDe;7-9 noviembre;París;PA19;Tira de 4 Tarifas;Notre Dame;09/11/2019 11:01:44;1;4;4;EUR;4.20;FERIA;197;0;1162;N;París;73 Salon Philatélique d'Automne;Paris;09/11/2019;11;2019;Facture Simplifiée
dPKyhSMuBxmkFHi7E;7-9 noviembre;París;PA19;Tira de 4 Tarifas;Notre Dame;09/11/2019 11:03:05;1;4;4;EUR;4.20;FERIA;198;0;1158;N;París;73 Salon Philatélique d'Automne;Paris;09/11/2019;11;2019;Facture Simplifiée
5pfd2CAQ2vfxPoooA;7-9 noviembre;París;PA19;Tira de 4 Tarifas;Notre Dame;09/11/2019 11:03:47;1;4;4;EUR;4.20;FERIA;199;0;1154;N;París;73 Salon Philatélique d'Automne;Paris;09/11/2019;11;2019;Facture Simplifiée
ALvDt8aWJiKRAsdBj;7-9 noviembre;París;PA19;Tira de 4 Tarifas;Notre Dame;09/11/2019 11:05:18;1;4;4;EUR;4.20;FERIA;200;0;1150;N;París;73 Salon Philatélique d'Automne;Paris;09/11/2019;11;2019;Facture Simplifiée
3My9EC69p7d8ctyT8;7-9 noviembre;París;PA19;Etiqueta individual;Notre Dame;09/11/2019 11:07:18;8;1;8;EUR;0.60;FERIA;201;0;1146;N;París;73 Salon Philatélique d'Automne;Paris;09/11/2019;11;2019;Facture Simplifiée
oi46uEGx3X64qowDP;7-9 noviembre;París;PA19;Etiqueta individual;Notre Dame;09/11/2019 11:14:08;2;1;2;EUR;0.60;FERIA;202;0;1138;N;París;73 Salon Philatélique d'Automne;Paris;09/11/2019;11;2019;Facture Simplifiée
SnYP6GnwMwCobNycF;7-9 noviembre;París;PA19;Tira de 4 Tarifas;Notre Dame;09/11/2019 11:26:32;1;4;4;EUR;4.20;FERIA;203;0;1136;N;París;73 Salon Philatélique d'Automne;Paris;09/11/2019;11;2019;Facture Simplifiée
eDmLPpFJAnq4AkoNM;7-9 noviembre;París;PA19;Etiqueta individual;Notre Dame;09/11/2019 12:46:36;2;1;2;EUR;1.40;FERIA;204;0;1132;N;París;73 Salon Philatélique d'Automne;Paris;09/11/2019;11;2019;Facture Simplifiée
eCBiBoTSte3CnfT5J;7-9 noviembre;París;PA19;Etiqueta individual;Notre Dame;09/11/2019 12:54:32;1;1;1;EUR;1.40;FERIA;205;0;1130;N;París;73 Salon Philatélique d'Automne;Paris;09/11/2019;11;2019;Facture Simplifiée
L4Cywc4myaMAWuAjT;7-9 noviembre;París;PA19;Tira de 4 Tarifas;Notre Dame;09/11/2019 12:59:45;1;4;4;EUR;4.20;FERIA;206;0;1129;N;París;73 Salon Philatélique d'Automne;Paris;09/11/2019;11;2019;Facture Simplifiée
cdk4kznRwqPwX6Z6w;7-9 noviembre;París;PA19;Etiqueta individual;Notre Dame;09/11/2019 14:42:07;2;1;2;EUR;0.60;FERIA;207;0;1125;N;París;73 Salon Philatélique d'Automne;Paris;09/11/2019;11;2019;Facture Simplifiée
ojRCzyCzmHpqLSCpi;7-9 noviembre;París;PA19;Etiqueta individual;Notre Dame;09/11/2019 15:12:49;1;1;1;EUR;1.40;FERIA;208;0;1123;N;París;73 Salon Philatélique d'Automne;Paris;09/11/2019;11;2019;Facture Simplifiée
A2PZ2RdRbyZzFYsHi;7-9 noviembre;París;PA19;Tira de 4 Tarifas;Notre Dame;09/11/2019 15:12:49;1;4;4;EUR;4.20;FERIA;208;0;1123;N;París;73 Salon Philatélique d'Automne;Paris;09/11/2019;11;2019;Facture Simplifiée
ikD9GMy8yGXfeJum4;7-9 noviembre;París;PA19;Etiqueta individual;Notre Dame;09/11/2019 15:31:28;1;1;1;EUR;0.60;FERIA;209;0;1118;N;París;73 Salon Philatélique d'Automne;Paris;09/11/2019;11;2019;Facture Simplifiée
W78kxGNqn65WdLyS5;7-9 noviembre;París;PA19;Etiqueta individual;Notre Dame;09/11/2019 16:13:27;6;1;6;EUR;0.60;FERIA;210;0;1117;N;París;73 Salon Philatélique d'Automne;Paris;09/11/2019;11;2019;Facture Simplifiée
YoNchYtsJwu6j6Zd4;7-9 noviembre;París;PA19;Tira de 4 Tarifas;Notre Dame;09/11/2019 16:13:27;3;4;12;EUR;4.20;FERIA;210;0;1117;N;París;73 Salon Philatélique d'Automne;Paris;09/11/2019;11;2019;Facture Simplifiée